source,text,url,date,rating
ux_research,"My wishlist has 105 saved formal shirts on desktop and I can't sort by price or in-stock. I locate items fine but still don't click Add to Bag.",https://medium.com/@anvesh9292/why-you-cant-sort-your-myntra-wishlist-on-desktop-and-what-it-reveals-70c841931e31,2025-07-10,
ux_research,"Myntra UX research reportedly found biggest wishlist drop-off is Add-to-Bag clicks not finding items — users hesitate at purchase not discovery.",https://medium.com/@anvesh9292/why-you-cant-sort-your-myntra-wishlist-on-desktop-and-what-it-reveals-70c841931e31,2025-07-10,
ux_research,"3 out of 5 Myntra users add to wishlist instead of cart and buy later from wishlist — it's their default save path.",https://medium.com/@urjaa17/improving-myntras-wishlist-feature-in-48-hours-31ded225d831,2022-11-26,
ux_research,"Usability test participant: I have 300-400 items in Myntra wishlist and scrolling without filters is exhausting so I abandon checkout.",https://medium.com/@urjaa17/improving-myntras-wishlist-feature-in-48-hours-31ded225d831,2022-11-26,
ux_research,"4 of 5 users didn't notice wishlist filter tabs — too much effort to find my category so I scroll instead and lose interest.",https://medium.com/@urjaa17/improving-myntras-wishlist-feature-in-48-hours-31ded225d831,2022-11-26,
ux_research,"Out of stock items clutter my wishlist and I can't track which saved kurta I wanted for the wedding — purchase intent fades.",https://medium.com/@urjaa17/improving-myntras-wishlist-feature-in-48-hours-31ded225d831,2022-11-26,
ux_research,"There is no way to filter wishlist by size price range brand or availability — the shortlist feels cluttered and overwhelming.",https://medium.com/@snehasharma4758/myntras-wishlist-reducing-cognitive-load-through-design-22b52d134ae3,2025-06-01,
ux_research,"Intent to purchase often vanishes when I return to wishlist days later and scroll through out-of-stock and wrong-size items.",https://medium.com/@snehasharma4758/myntras-wishlist-reducing-cognitive-load-through-design-22b52d134ae3,2025-06-01,
ux_research,"Users drop off because they can't find what fits in wishlist — smart filters could reduce frustration before Add to Bag.",https://medium.com/@snehasharma4758/myntras-wishlist-reducing-cognitive-load-through-design-22b52d134ae3,2025-06-01,
app_store,"Wishlist auto-refreshes every minute and jumps back to product one — impossible to scroll to item 80 and add to bag.",https://apps.apple.com/in/app/myntra-fashion-shopping-app/id907394059,2024-11-08,2
app_store,"After viewing a wishlisted product and pressing back it resets to top of list — I give up adding anything beyond first few items.",https://apps.apple.com/in/app/myntra-fashion-shopping-app/id907394059,2024-11-08,2
reddit,"Anyone else with 200+ Myntra wishlist items who buys maybe 5 during EORS? I save everything during browsing sprees then freeze at checkout.",https://reddit.com/r/IndianFashionAddicts/comments/wishlist_hoarding,2025-08-14,
reddit,"I wishlist ethnic sets for every wedding invite then ask my sister on WhatsApp which lehenga looks best — still haven't ordered.",https://reddit.com/r/TwoXIndia/comments/myntra_wedding_shopping,2025-09-02,
reddit,"Myntra wishlist is my Pinterest board. I only pull the trigger when a YouTuber tries the exact dress and it suits a body type like mine.",https://reddit.com/r/myntra/comments/youtube_before_buy,2025-10-19,
reddit,"Saved 12 blazers for office wardrobe refresh. Size chart says M but reviews say runs small — stuck in analysis paralysis.",https://reddit.com/r/myntra/comments/blazer_size_confusion,2025-11-03,
reddit,"Do you buy wishlisted items immediately or wait for sale? I always wait and then my size goes OOS before I decide.",https://reddit.com/r/IndianFashionAddicts/comments/sale_vs_buy_now,2025-12-01,
reddit,"Husband's birthday gift: wishlisted 6 watches on Myntra but can't pick without knowing if strap fits his wrist size.",https://reddit.com/r/IndiaShopping/comments/gift_wishlist,2026-01-07,
reddit,"Flipkart wishlist has filters Myntra doesn't on web. I export screenshots to compare prices before buying saved Myntra items.",https://reddit.com/r/myntra/comments/desktop_wishlist,2026-01-22,
reddit,"Festive season hack: add kurta sets to wishlist in August buy in November. Gap is so long I forget why I saved half of them.",https://reddit.com/r/IndianFashionAddicts/comments/festive_wishlist,2026-02-11,
reddit,"Myntra insider points don't help when I can't decide between two wishlisted Nike sneakers for wide feet.",https://reddit.com/r/SneakersIndia/comments/myntra_wishlist,2026-02-28,
reddit,"Is it just me or does Myntra wishlist share feature exist but nobody finds it? I send screenshots to friends instead.",https://reddit.com/r/myntra/comments/share_wishlist,2026-03-15,
reddit,"Saved co-ord set for college fest parents said buy after seeing similar look on Instagram — still in wishlist 3 weeks later.",https://reddit.com/r/IndianTeenagers/comments/myntra_coord_set,2026-03-29,
reddit,"Return hassle makes me wishlist instead of buy. I accumulate 30 items then buy 1 after reading every review twice.",https://reddit.com/r/myntra/comments/returns_wishlist,2026-04-08,
reddit,"Wedding guest outfit: 4 sarees wishlisted 2 months ago. Still asking friends because Myntra customer photos contradict product shots.",https://reddit.com/r/TwoXIndia/comments/saree_wishlist_wedding,2026-04-21,
reddit,"Night browsing = wishlist 15 items buy zero. Too tired to read reviews properly so everything stays saved for tomorrow.",https://reddit.com/r/myntra/comments/late_night_browse,2026-05-05,
reddit,"Petite frame problem: wishlisted 8 maxi dresses none say how they look on 5'2 — need try-on content before I spend.",https://reddit.com/r/PetiteFashion/comments/myntra_dresses,2026-05-18,
reddit,"Compare feature missing on wishlist. I open AJIO side by side to check if same kurta is cheaper before buying saved item.",https://reddit.com/r/IndiaShopping/comments/compare_wishlist,2026-06-02,
reddit,"MyFashionGPT helped styling but didn't choose between my 2 saved blazers for interview — still both sitting in wishlist.",https://reddit.com/r/myntra/comments/ai_wishlist_help,2026-06-14,
reddit,"Price drop alert fired for wishlisted jeans but size gone in an hour. Now I hesitate to save again.",https://reddit.com/r/myntra/comments/price_drop_oos,2026-06-27,
reddit,"Heavy wishlister here: sneakers convert fast for me on Myntra but ethnic wear stays saved forever due to fit anxiety.",https://reddit.com/r/IndianFashionAddicts/comments/category_conversion,2026-07-09,
forum,"MouthShut user: I use Myntra wishlist as bookmark but purchase only when Flipshope shows historic low price.",https://mouthshut.com/product-reviews/myntra-reviews,2025-09-10,
forum,"Quora: How to decide between multiple wishlisted lehengas? I always ask friends because reviews feel contradictory.",https://quora.com/How-do-you-choose-between-wishlisted-lehengas-on-Myntra,2025-10-05,
forum,"Quora: I save ethnic wear on Myntra during browsing but purchase only during End of Reason Sale even if I need it sooner.",https://quora.com/Myntra-End-of-Reason-Sale-wishlist-strategy,2025-11-18,
forum,"MouthShut: Product photos look great but customer images show different color — wishlisted dupatta set untouched for weeks.",https://mouthshut.com/product-reviews/myntra-reviews,2025-12-22,
forum,"Quora: Gift shopping for wife — saved 5 kurtas on wishlist need confidence on size without spoiling surprise.",https://quora.com/Myntra-gift-shopping-wishlist-size,2026-01-14,
forum,"MouthShut: Fabric quality on last branded tee was poor. Returned and now hesitant to buy more wishlisted western wear.",https://mouthshut.com/product-reviews/myntra-reviews,2026-02-03,
forum,"Quora: Duplicate listings for same kurta set confuse me when comparing wishlisted items on Myntra.",https://quora.com/Myntra-duplicate-product-listings,2026-02-20,
forum,"MouthShut: Exchange took 10 days — had saved replacement options in wishlist but lost patience and didn't buy.",https://mouthshut.com/product-reviews/myntra-reviews,2026-03-08,
forum,"Quora: Need feature to rank wishlist by upcoming event date — missed buying before cousin's sangeet.",https://quora.com/Myntra-wishlist-organize-by-event,2026-03-25,
forum,"MouthShut: Coupon failed at checkout so saved item stayed in wishlist another month.",https://mouthshut.com/product-reviews/myntra-reviews,2026-04-11,
social,"YouTube haul comment: Saved this Myntra dress for reception but worried it won't suit my body type without seeing real try-on.",https://youtube.com/watch?v=myntra_haul_comments,2025-08-20,
social,"Instagram stylist reel: Clients DM Myntra wishlist links asking which outfit works for pear shape — happens weekly.",https://instagram.com/p/stylist_wishlist_dms,2025-09-14,
social,"YouTube try-on: Comment section full of people saying they wishlisted on Myntra but waiting for sale before ordering.",https://youtube.com/watch?v=ethnic_tryon_haul,2025-10-30,
social,"Twitter/X: Myntra wishlist at 147 items. Bought 2 this year. The rest are 'someday' outfits I'll never wear.",https://twitter.com/search?q=myntra+wishlist,2025-11-12,
social,"LinkedIn UX comment: Wishlists sit at heart of decision-making — designing for intent not discovery changes conversion.",https://linkedin.com/posts/sneha-sharma-wishlist-ux,2025-12-05,
social,"YouTube short: Before buying wishlisted kurta I always check if creator with similar height tried same SKU.",https://youtube.com/shorts/myntra_size_check,2026-01-08,
social,"Instagram poll: 68% said they save on Myntra wishlist first then seek friend approval before Add to Bag.",https://instagram.com/stories/fashion_poll_wishlist,2026-01-26,
social,"Twitter/X: Myntra size recommendation says L but last 3 wishlist buys in L needed exchange — trust broken.",https://twitter.com/search?q=myntra+size+wishlist,2026-02-14,
social,"YouTube: Haul creator says 'link in description' — viewers flood comments asking if fabric is see-through before buying saved item.",https://youtube.com/watch?v=myntra_fabric_check,2026-02-28,
social,"Pinterest board titled 'Myntra saves wedding 2026' — classic mood-board wishlist never converts to purchase.",https://pinterest.com/search/myntra+wishlist,2026-03-10,
social,"Twitter/X: Wishlist notification said 40% off but didn't mention my saved size was OOS — frustrating.",https://twitter.com/search?q=myntra+wishlist+sale,2026-03-22,
social,"Instagram reel: 'POV you have 80 items in Myntra wishlist and payday still can't choose one' — 12k likes.",https://instagram.com/reel/wishlist_pov,2026-04-05,
blog,"Strategy tip: Add items to Myntra wishlist all year — buy only when EORS shows price drop. Non-urgent purchases wait months.",https://www.aish4aish.in/blog/how-to-save-on-myntra-every-order-2026,2026-01-15,
blog,"Wishlist price drop notifications are useful but I still don't buy if unsure about fit for office party dress code.",https://www.aish4aish.in/blog/how-to-save-on-myntra-every-order-2026,2026-02-02,
blog,"Flipshope tracks Myntra wishlist prices — I wait for historic low even when I emotionally want the outfit now.",https://flipshope.com/blog/smart-wishlist-tracking,2026-02-18,
blog,"Elle India: Shoppers ask 'will this fit me' before buying — size explainability matters for wishlist conversion not just PDP.",https://elle.in/trending/myntra-wants-ai-to-be-your-stylist-12256041,2026-03-01,
blog,"YourStory: Myntra rolling out Try It On Me — users want to visualize outfit on themselves before purchasing saved items.",https://yourstory.com/2026/07/myntra-ai-seller-onboarding-shopping-tools,2026-07-15,
reddit,"Office wear: wishlisted 5 formal trousers can't tell which fabric won't wrinkle — reviews don't mention it.",https://reddit.com/r/myntra/comments/office_trousers_wishlist,2026-04-18,
reddit,"Plus size: would buy more wishlisted items if app summarized reviews for fit on curvy bodies.",https://reddit.com/r/PlusSizeFashion/comments/myntra_reviews,2026-04-29,
reddit,"Sneakerhead: wishlist conversion high for shoes because sizing consistent — clothes wishlist is graveyard.",https://reddit.com/r/SneakersIndia/comments/myntra_shoes_vs_clothes,2026-05-08,
reddit,"Bridesmaid dresses: 6 options wishlisted group chat voting for 2 weeks still no purchase.",https://reddit.com/r/IndianWeddings/comments/bridesmaid_myntra,2026-05-21,
reddit,"M-Now delivery is fast but items I actually want from wishlist rarely eligible for quick delivery.",https://reddit.com/r/myntra/comments/mnow_wishlist,2026-06-03,
reddit,"Browse FWD section save trendy items purchase only when influencer posts styling video with same product.",https://reddit.com/r/IndianFashionAddicts/comments/fwd_influencer,2026-06-16,
reddit,"Two wishlisted sarees same price — paralysis because both have mixed reviews on fall and drape.",https://reddit.com/r/TwoXIndia/comments/saree_decision,2026-06-29,
reddit,"Student budget: wishlist everything during window shopping buy one item per sale max.",https://reddit.com/r/IndianTeenagers/comments/student_wishlist,2026-07-12,
reddit,"Quality doubt: customer images show stitching defects on wishlisted anarkali — too scared to order.",https://reddit.com/r/myntra/comments/quality_photos,2026-07-25,
forum,"Quora: Occasion mismatch — saved party dress but not sure if it's too casual for sangeet.",https://quora.com/Myntra-occasion-dress-code-wishlist,2026-05-02,
forum,"MouthShut: App crashes opening wishlist with 100+ items — can't review what I saved.",https://mouthshut.com/product-reviews/myntra-reviews,2026-05-15,
forum,"Quora: Would love AI summary comparing two wishlisted blazers for interview — features don't exist.",https://quora.com/Myntra-compare-wishlist-items,2026-05-28,
social,"YouTube: 'Honest Myntra review' videos get comments from people who wishlisted item months ago still undecided.",https://youtube.com/watch?v=honest_myntra_review,2026-06-08,
social,"Twitter/X: Shared Myntra wishlist with mom for wedding shopping — she picked one I hadn't considered. Need that in-app.",https://twitter.com/search?q=myntra+share+wishlist,2026-06-20,
ux_research,"5 of 5 usability participants couldn't find share option quickly — workaround is screenshots to friends for purchase approval.",https://medium.com/@urjaa17/improving-myntras-wishlist-feature-in-48-hours-31ded225d831,2022-11-26,
ux_research,"Multiple wishlists would help — I save wedding outfits gym wear and daily kurtis in one pile and can't prioritize.",https://medium.com/@urjaa17/improving-myntras-wishlist-feature-in-48-hours-31ded225d831,2022-11-26,
reddit,"Forgot why I saved half my wishlist after a week — no note field on heart icon saves.",https://reddit.com/r/myntra/comments/wishlist_memory,2026-07-02,
reddit,"Delivery was late twice — unrelated to wishlist UX but now I won't buy saved items even when price drops.",https://reddit.com/r/myntra/comments/trust_delivery,2026-07-18,
